date_week,date,rain,Tair,rh,Mean_EVI,lncase_0,lncase_1,lncase_2,lncase_3,lncase_4
201301,2012/12/30,0.03486365,0.482712066,0.765868963,0.879203146,3.828641396,5.081404365,5.241747015,5.241747015,5.493061443
201302,2013/1/6,0.419808364,0.385347877,0.947088587,0.303499133,5.081404365,5.241747015,5.241747015,5.493061443,5.786897381
201303,2013/1/13,0.374858054,0.270059749,0.986786191,0,5.241747015,5.241747015,5.493061443,5.786897381,5.420534999
201304,2013/1/20,0.422412531,0.375360025,0.995223528,0.184822064,5.241747015,5.493061443,5.786897381,5.420534999,5.924255797
201305,2013/1/27,0.304911529,0.407824818,0.983951871,0.32369269,5.493061443,5.786897381,5.420534999,5.924255797,6.169610732
201306,2013/2/3,0.246194327,0.427277413,0.901737979,0.815826326,5.786897381,5.420534999,5.924255797,6.169610732,6.284134161
201307,2013/2/10,0.011397577,0.464206941,0.854452725,0.989416255,5.420534999,5.924255797,6.169610732,6.284134161,6.65415252
201308,2013/2/17,0.031701021,0.431542986,0.883451677,0.898982989,5.924255797,6.169610732,6.284134161,6.65415252,7.013915475
201309,2013/2/24,0.176139285,0.410045336,0.950753605,0.602279292,6.169610732,6.284134161,6.65415252,7.013915475,6.86171134
201310,2013/3/3,0.075689519,0.482308877,0.887243649,0.911300162,6.284134161,6.65415252,7.013915475,6.86171134,7.002155954
201311,2013/3/10,0.2780174,0.472813726,0.912979487,0.615163366,6.65415252,7.013915475,6.86171134,7.002155954,7.149131599
201312,2013/3/17,0.225846777,0.365819175,0.952339732,0.564926628,7.013915475,6.86171134,7.002155954,7.149131599,7.372746366
201313,2013/3/24,0.257032183,0.356239218,0.98789274,0.503713166,6.86171134,7.002155954,7.149131599,7.372746366,7.180069874
201314,2013/3/31,0.144134231,0.417684182,0.92456578,0.677263481,7.002155954,7.149131599,7.372746366,7.180069874,7.147559271
201315,2013/4/7,0.210197697,0.42846768,0.971864911,0.474688208,7.149131599,7.372746366,7.180069874,7.147559271,7.273786318
201316,2013/4/14,0.125953034,0.366663043,0.932442165,0.831981635,7.372746366,7.180069874,7.147559271,7.273786318,7.315883505
201317,2013/4/21,0.005103867,0.178543102,0.908467226,0.856307961,7.180069874,7.147559271,7.273786318,7.315883505,7.262628601
201318,2013/4/28,0,0.246749339,0.839164536,0.907478163,7.147559271,7.273786318,7.315883505,7.262628601,6.892641641
201319,2013/5/5,0.000790438,0.313731144,0.81930211,0.829462719,7.273786318,7.315883505,7.262628601,6.892641641,7.058758153
201320,2013/5/12,0.000374285,0.249430599,0.872331892,0.784223539,7.315883505,7.262628601,6.892641641,7.058758153,6.797940413
201321,2013/5/19,0,0.283557594,0.784609833,0.711173308,7.262628601,6.892641641,7.058758153,6.797940413,6.561030666
201322,2013/5/26,0.160565082,0.268904423,0.916338474,0.39622968,6.892641641,7.058758153,6.797940413,6.561030666,6.342121419
201323,2013/6/2,0.038123404,0.241861217,0.969364531,0.452602757,7.058758153,6.797940413,6.561030666,6.342121419,6.535241271
201324,2013/6/9,0.002222779,0.160694313,0.872837078,0.582641078,6.797940413,6.561030666,6.342121419,6.535241271,5.981414211
201325,2013/6/16,0.009437109,0.292353213,0.819358486,0.679852957,6.561030666,6.342121419,6.535241271,5.981414211,5.891644212
201326,2013/6/23,0.000196928,0.293672092,0.783678672,0.640939837,6.342121419,6.535241271,5.981414211,5.891644212,6.37331979
201327,2013/6/30,0,0.174599972,0.654009046,0.498040542,6.535241271,5.981414211,5.891644212,6.37331979,5.857933154
201328,2013/7/7,0,0.13293836,0.67195479,0.557993638,5.981414211,5.891644212,6.37331979,5.857933154,5.703782475
201329,2013/7/14,0.002576421,0.364855992,0.573693476,0.492378831,5.891644212,6.37331979,5.857933154,5.703782475,5.616771098
201330,2013/7/21,0,0.355234543,0.545315881,0.47207511,6.37331979,5.857933154,5.703782475,5.616771098,5.624017506
201331,2013/7/28,0,0.294801299,0.357863201,0.457860381,5.857933154,5.703782475,5.616771098,5.624017506,5.407171771
201332,2013/8/4,2.41E-05,0.3265245,0.353722551,0.443216156,5.703782475,5.616771098,5.624017506,5.407171771,4.852030264
201333,2013/8/11,1.21E-05,0.449718607,0.353596208,0.390165041,5.616771098,5.624017506,5.407171771,4.852030264,5.476463552
201334,2013/8/18,0.003606143,0.371666464,0.429305926,0.407491419,5.624017506,5.407171771,4.852030264,5.476463552,5.323009979
201335,2013/8/25,2.48E-05,0.485323434,0.280334896,0.382947471,5.407171771,4.852030264,5.476463552,5.323009979,4.844187086
201336,2013/9/1,0.002302767,0.440988697,0.483376505,0.178350834,4.852030264,5.476463552,5.323009979,4.844187086,4.875197323
201337,2013/9/8,0.001662277,0.422022231,0.417811169,0.290885067,5.476463552,5.323009979,4.844187086,4.875197323,4.204692619
201338,2013/9/15,0.024876505,0.64272943,0.426691841,0.176485123,5.323009979,4.844187086,4.875197323,4.204692619,4.86753445
201339,2013/9/22,0.089511039,0.744405166,0.317370185,0.351253575,4.844187086,4.875197323,4.204692619,4.86753445,4.8978398
201340,2013/9/29,0.275736103,0.557890256,0.68844103,0.164590248,4.875197323,4.204692619,4.86753445,4.8978398,5.099866428
201341,2013/10/6,0.138815869,0.373674576,0.761517225,0.326878167,4.204692619,4.86753445,4.8978398,5.099866428,4.49980967
201342,2013/10/13,0.053738355,0.531555853,0.54244601,0.462708087,4.86753445,4.8978398,5.099866428,4.49980967,4.672828834
201343,2013/10/20,0.037467812,0.542425411,0.673640567,0.537077776,4.8978398,5.099866428,4.49980967,4.672828834,4.779123493
201344,2013/10/27,0.201254977,0.522274122,0.726277763,0.216604246,5.099866428,4.49980967,4.672828834,4.779123493,4.983606622
201345,2013/11/3,0.173514759,0.390433717,0.824291823,0.481372199,4.49980967,4.672828834,4.779123493,4.983606622,4.543294782
201346,2013/11/10,0.250024419,0.515630316,0.774746124,0.469574166,4.672828834,4.779123493,4.983606622,4.543294782,5.342334252
201347,2013/11/17,0.113199307,0.449444986,0.74128275,0.781011715,4.779123493,4.983606622,4.543294782,5.342334252,4.709530201
201348,2013/11/24,0.348591224,0.379783356,0.92956417,0.373075613,4.983606622,4.543294782,5.342334252,4.709530201,4.682131227
201349,2013/12/1,0.147244623,0.500238497,0.863557,0.474793263,4.543294782,5.342334252,4.709530201,4.682131227,4.17438727
201350,2013/12/8,0.117178567,0.409572181,0.945889876,0.541756863,5.342334252,4.709530201,4.682131227,4.17438727,5.257495372
201351,2013/12/15,0.580481086,0.432580091,0.962395591,0.506148134,4.709530201,4.682131227,4.17438727,5.257495372,5.318119994
201352,2013/12/22,0.397103029,0.36767276,0.97078914,0.378914276,4.682131227,4.17438727,5.257495372,5.318119994,5.811140993
201401,2013/12/29,0.067861232,0.421968973,0.86239754,0.838668245,4.17438727,5.257495372,5.318119994,5.811140993,5.863631176
201402,2014/1/5,0.076241599,0.375636725,0.832661903,0.948868415,5.257495372,5.318119994,5.811140993,5.863631176,6.298949247
201403,2014/1/12,0.156395176,0.413711039,0.886199222,0.789626775,5.318119994,5.811140993,5.863631176,6.298949247,6.595780514
201404,2014/1/19,0.334373708,0.373632272,0.924903537,0.654117333,5.811140993,5.863631176,6.298949247,6.595780514,6.049733455
201405,2014/1/26,0.042566674,0.331531019,0.853049801,0.840689596,5.863631176,6.298949247,6.595780514,6.049733455,6.139884552
201406,2014/2/2,0.022499738,0.383944355,0.786781802,0.861558719,6.298949247,6.595780514,6.049733455,6.139884552,5.897153868
201407,2014/2/9,0.268993864,0.362486589,0.904960999,0.777529906,6.595780514,6.049733455,6.139884552,5.897153868,6.300785795
201408,2014/2/16,0.322064077,0.310204236,1,0.441464752,6.049733455,6.139884552,5.897153868,6.300785795,6.177944114
201409,2014/2/23,0.109227934,0.388201706,0.892025349,0.524890757,6.139884552,5.897153868,6.300785795,6.177944114,6.329720906
201410,2014/3/2,0.640216613,0.396971314,0.964361679,0.672285514,5.897153868,6.300785795,6.177944114,6.329720906,6.516193076
201411,2014/3/9,0.030886581,0.400952871,0.915049664,0.862401965,6.300785795,6.177944114,6.329720906,6.516193076,6.753437919
201412,2014/3/16,0.262140624,0.389807807,0.932909936,0.840213364,6.177944114,6.329720906,6.516193076,6.753437919,6.803505258
201413,2014/3/23,0.192731574,0.379902659,0.970221268,0.387103761,6.329720906,6.516193076,6.753437919,6.803505258,6.871091295
201414,2014/3/30,0.291307336,0.404066432,0.947662275,0.643217682,6.516193076,6.753437919,6.803505258,6.871091295,6.779921907
201415,2014/4/6,0.185205616,0.431612185,0.909173017,0.795713831,6.753437919,6.803505258,6.871091295,6.779921907,7.03966035
201416,2014/4/13,0.113017618,0.411547236,0.882091622,0.752487072,6.803505258,6.871091295,6.779921907,7.03966035,6.958448393
201417,2014/4/20,0.084384242,0.397302928,0.920224834,0.810538055,6.871091295,6.779921907,7.03966035,6.958448393,7.13169851
201418,2014/4/27,0.000169032,0.16193079,0.890653134,0.950362951,6.779921907,7.03966035,6.958448393,7.13169851,7.04053639
201419,2014/5/4,0.003862076,0.282789713,0.888434072,0.811021438,7.03966035,6.958448393,7.13169851,7.04053639,6.880384082
201420,2014/5/11,0,0.217435411,0.861376491,0.848975844,6.958448393,7.13169851,7.04053639,6.880384082,6.535241271
201421,2014/5/18,0.000259,0.320845778,0.849704168,0.793617851,7.13169851,7.04053639,6.880384082,6.535241271,6.202535517
201422,2014/5/25,0,0.260065582,0.812570129,0.593457922,7.04053639,6.880384082,6.535241271,6.202535517,6.338594078
201423,2014/6/1,0,0.263440217,0.850607523,0.621124128,6.880384082,6.535241271,6.202535517,6.338594078,6.146329258
201424,2014/6/8,0,0.166952443,0.821667975,0.614782012,6.535241271,6.202535517,6.338594078,6.146329258,6.12905021
201425,2014/6/15,0.005513107,0.195424142,0.834008744,0.53812933,6.202535517,6.338594078,6.146329258,6.12905021,6.013715156
201426,2014/6/22,0.003390131,0.133085931,0.748593716,0.569170647,6.338594078,6.146329258,6.12905021,6.013715156,5.666426688
201427,2014/6/29,0,0.247087753,0.555729265,0.541255207,6.146329258,6.12905021,6.013715156,5.666426688,5.620400866
201428,2014/7/6,0,0.21350643,0.61214313,0.509487022,6.12905021,6.013715156,5.666426688,5.620400866,4.941642423
201429,2014/7/13,0.01569124,0.192926443,0.59453746,0.49677763,6.013715156,5.666426688,5.620400866,4.941642423,4.605170186
201430,2014/7/20,0.004508214,0.259314244,0.644980739,0.39943298,5.666426688,5.620400866,4.941642423,4.605170186,4.955827058
201431,2014/7/27,0.000903191,0.174528004,0.688721793,0.352566201,5.620400866,4.941642423,4.605170186,4.955827058,4.454347296
201432,2014/8/3,0.000285533,0.325401946,0.368395531,0.398170985,4.941642423,4.605170186,4.955827058,4.454347296,4.234106505
201433,2014/8/10,0,0.324439412,0.345752499,0.388718008,4.605170186,4.955827058,4.454347296,4.234106505,3.871201011
201434,2014/8/17,0,0.362322936,0.375696555,0.371204608,4.955827058,4.454347296,4.234106505,3.871201011,3.970291914
201435,2014/8/24,0,0.629361372,0.16176671,0.352096723,4.454347296,4.234106505,3.871201011,3.970291914,3.713572067
201436,2014/8/31,0.05481755,0.643522803,0.395230003,0.34175331,4.234106505,3.871201011,3.970291914,3.713572067,4.290459441
201437,2014/9/7,0,0.438394959,0.260990789,0.39093949,3.871201011,3.970291914,3.713572067,4.290459441,3.713572067
201438,2014/9/14,0,0.736868537,0.145439505,0.363459362,3.970291914,3.713572067,4.290459441,3.713572067,3.496507561
201439,2014/9/21,0.004527639,0.712928986,0.377121866,0.36507842,3.713572067,4.290459441,3.713572067,3.496507561,3.850147602
201440,2014/9/28,0.081785572,0.704094362,0.419457101,0.357134282,4.290459441,3.713572067,3.496507561,3.850147602,3.610917913
201441,2014/10/5,0,0.489646322,0.287426282,0.448398093,3.713572067,3.496507561,3.850147602,3.610917913,4.127134385
201442,2014/10/12,0,0.816618514,0.103436509,0.444934491,3.496507561,3.850147602,3.610917913,4.127134385,3.970291914
201443,2014/10/19,0.142695757,0.620314925,0.531498359,0.365467411,3.850147602,3.610917913,4.127134385,3.970291914,4.406719247
201444,2014/10/26,0.335716075,0.451080827,0.848948872,0.142554322,3.610917913,4.127134385,3.970291914,4.406719247,4.262679877
201445,2014/11/2,0.021283994,0.563037822,0.727098552,0.519685782,4.127134385,3.970291914,4.406719247,4.262679877,4.043051268
201446,2014/11/9,0.285861708,0.466860631,0.843334852,0.188048901,3.970291914,4.406719247,4.262679877,4.043051268,4.060443011
201447,2014/11/16,0.247845606,0.42594427,0.830383173,0.512830134,4.406719247,4.262679877,4.043051268,4.060443011,3.931825633
201448,2014/11/23,0.291369799,0.401323269,0.923508166,0.332068701,4.262679877,4.043051268,4.060443011,3.931825633,3.526360525
201449,2014/11/30,0.251086613,0.365891368,0.885511559,0.427682705,4.043051268,4.060443011,3.931825633,3.526360525,3.526360525
201450,2014/12/7,0.284723469,0.241829179,0.997926532,0.281248053,4.060443011,3.931825633,3.526360525,3.526360525,4.477336814
201451,2014/12/14,0.333143843,0.423808265,0.931779423,0.555557997,3.931825633,3.526360525,3.526360525,4.477336814,4.477336814
201452,2014/12/21,0.256129815,0.424399658,0.885024808,0.659460445,3.526360525,3.526360525,4.477336814,4.477336814,4.983606622
201453,2014/12/28,0.08298452,0.508276417,0.744258064,0.925258968,3.526360525,4.477336814,4.477336814,4.983606622,4.852030264
201501,2015/1/4,0.043019875,0.470819511,0.722103304,0.937312041,4.477336814,4.477336814,4.983606622,4.852030264,5.153291594
201502,2015/1/11,0.012057084,0.504123469,0.703471749,0.886542922,4.477336814,4.983606622,4.852030264,5.153291594,5.433722004
201503,2015/1/18,0.026401064,0.499901662,0.696940347,0.804670873,4.983606622,4.852030264,5.153291594,5.433722004,5.111987788
201504,2015/1/25,0.158664824,0.472563043,0.809817078,0.590051338,4.852030264,5.153291594,5.433722004,5.111987788,5.609471795
201505,2015/2/1,0.342093715,0.425192465,0.81305886,0.415661612,5.153291594,5.433722004,5.111987788,5.609471795,5.886104031
201506,2015/2/8,0.092915784,0.414583774,0.811919133,0.756272381,5.433722004,5.111987788,5.609471795,5.886104031,5.680172609
201507,2015/2/15,0.113928057,0.372770727,0.889361872,0.571786222,5.111987788,5.609471795,5.886104031,5.680172609,5.720311777
201508,2015/2/22,0.284229678,0.392110846,0.876576279,0.701113292,5.609471795,5.886104031,5.680172609,5.720311777,6.033086222
201509,2015/3/1,0.164019987,0.428074852,0.901649233,0.484883093,5.886104031,5.680172609,5.720311777,6.033086222,5.780743516
201510,2015/3/8,0.327036519,0.422991663,0.921544395,0.639682249,5.680172609,5.720311777,6.033086222,5.780743516,6.216606101
201511,2015/3/15,0.266884842,0.315385851,0.939435264,0.225006954,5.720311777,6.033086222,5.780743516,6.216606101,6.677083461
201512,2015/3/22,0.286190754,0.389694545,0.935895673,0.693348864,6.033086222,5.780743516,6.216606101,6.677083461,6.626717749
201513,2015/3/29,0.140938521,0.467822224,0.890284093,0.78512276,5.780743516,6.216606101,6.677083461,6.626717749,6.685860947
201514,2015/4/5,0.283543676,0.400140174,0.959552444,0.750943665,6.216606101,6.677083461,6.626717749,6.685860947,6.895682698
201515,2015/4/12,0.141388661,0.394996414,0.933725276,0.829173662,6.677083461,6.626717749,6.685860947,6.895682698,6.56667243
201516,2015/4/19,0.210651323,0.44035452,0.91151961,0.879927012,6.626717749,6.685860947,6.895682698,6.56667243,6.380122537
201517,2015/4/26,0.060526888,0.300481921,0.956922924,0.781483804,6.685860947,6.895682698,6.56667243,6.380122537,6.490723535
201518,2015/5/3,0.089154835,0.314356657,0.964221795,0.693663721,6.895682698,6.56667243,6.380122537,6.490723535,6.098074282
201519,2015/5/10,0.092443118,0.261273153,0.94365141,0.395818446,6.56667243,6.380122537,6.490723535,6.098074282,6.269096284
201520,2015/5/17,7.95E-05,0.183142681,0.933470339,0.833659713,6.380122537,6.490723535,6.098074282,6.269096284,6.159095388
201521,2015/5/24,0.000151116,0.263914933,0.800556386,0.880489124,6.490723535,6.098074282,6.269096284,6.159095388,5.860786223
201522,2015/5/31,0.000120825,0.257158511,0.845126958,0.79909086,6.098074282,6.269096284,6.159095388,5.860786223,5.710427017
201523,2015/6/7,0.001935614,0.260725825,0.76178152,0.758711124,6.269096284,6.159095388,5.860786223,5.710427017,4.919980926
201524,2015/6/14,0,0.293587548,0.660143987,0.713776235,6.159095388,5.860786223,5.710427017,4.919980926,4.997212274
201525,2015/6/21,0.001392634,0.116601595,0.746413534,0.56707541,5.860786223,5.710427017,4.919980926,4.997212274,4.836281907
201526,2015/6/28,0.000170648,0.209096483,0.648420279,0.625254662,5.710427017,4.919980926,4.997212274,4.836281907,4.744932128
201527,2015/7/5,0.003624112,0.301280016,0.665418505,0.421687124,4.919980926,4.997212274,4.836281907,4.744932128,3.737669618
201528,2015/7/12,0,0.285235497,0.62215941,0.54170417,4.997212274,4.836281907,4.744932128,3.737669618,4.615120517
201529,2015/7/19,0,0.23412022,0.503930966,0.488558119,4.836281907,4.744932128,3.737669618,4.615120517,4.682131227
201530,2015/7/26,0,0.395862695,0.37023596,0.50438467,4.744932128,3.737669618,4.615120517,4.682131227,4.356708827
201531,2015/8/2,0,0.309683019,0.261436194,0.468681075,3.737669618,4.615120517,4.682131227,4.356708827,3.970291914
201532,2015/8/9,0,0.221217595,0.457083744,0.460104111,4.615120517,4.682131227,4.356708827,3.970291914,3.33220451
201533,2015/8/16,0,0.46087036,0.335853901,0.402646302,4.682131227,4.356708827,3.970291914,3.33220451,3.218875825
201534,2015/8/23,0.002441683,0.633325865,0.212673527,0.375241224,4.356708827,3.970291914,3.33220451,3.218875825,3.33220451
201535,2015/8/30,0,0.612968497,0.161294797,0.404772399,3.970291914,3.33220451,3.218875825,3.33220451,3.688879454
201536,2015/9/6,0.036571515,0.696710111,0.342495901,0.337275063,3.33220451,3.218875825,3.33220451,3.688879454,4.234106505
201537,2015/9/13,0.012096489,0.596231998,0.410476844,0.239968422,3.218875825,3.33220451,3.688879454,4.234106505,3.465735903
201538,2015/9/20,0,0.823214172,0.046962697,0.372972602,3.33220451,3.688879454,4.234106505,3.465735903,2.944438979
201539,2015/9/27,0.066622328,0.767992547,0.243993111,0.275538719,3.688879454,4.234106505,3.465735903,2.944438979,3.526360525
201540,2015/10/4,0.055590886,0.770925067,0.336482925,0.440897546,4.234106505,3.465735903,2.944438979,3.526360525,3.433987204
201541,2015/10/11,0,0.808921065,0.089939497,0.475334779,3.465735903,2.944438979,3.526360525,3.433987204,4.33073334
201542,2015/10/18,0.02849792,0.827808989,0.231498642,0.428826365,2.944438979,3.526360525,3.433987204,4.33073334,4.828313737
201543,2015/10/25,0.220737958,0.575533234,0.781666266,0.150877337,3.526360525,3.433987204,4.33073334,4.828313737,4.276666119
201544,2015/11/1,0.238437489,0.610300403,0.660077271,0.579082626,3.433987204,4.33073334,4.828313737,4.276666119,4.317488114
201545,2015/11/8,0.18207928,0.726316186,0.409434279,0.633484412,4.33073334,4.828313737,4.276666119,4.317488114,4.804021045
201546,2015/11/15,0.76728203,0.496478558,0.910186035,0.217325303,4.828313737,4.276666119,4.317488114,4.804021045,5.099866428
201547,2015/11/22,0.594323072,0.587032982,0.856788644,0.574704454,4.276666119,4.317488114,4.804021045,5.099866428,4.941642423
201548,2015/11/29,0.400714934,0.606713183,0.76913009,0.719171822,4.317488114,4.804021045,5.099866428,4.941642423,5.081404365
201549,2015/12/6,0.371804138,0.572023855,0.820556802,0.702697467,4.804021045,5.099866428,4.941642423,5.081404365,6.086774727
201550,2015/12/13,0.269908328,0.557660957,0.701640602,0.8089858,5.099866428,4.941642423,5.081404365,6.086774727,6.320768294
201551,2015/12/20,0.408214753,0.501321937,0.795742854,0.928958675,4.941642423,5.081404365,6.086774727,6.320768294,6.295266001
201552,2015/12/27,0.490075086,0.464718085,0.8656924,0.680313622,5.081404365,6.086774727,6.320768294,6.295266001,6.551080335
201601,2016/1/3,0.476277503,0.418024504,0.960581052,0.528797548,6.086774727,6.320768294,6.295266001,6.551080335,7.033506484
201602,2016/1/10,0.617252355,0.397928736,0.987509812,0.208539253,6.320768294,6.295266001,6.551080335,7.033506484,7.109062136
201603,2016/1/17,0.334815025,0.422602926,0.994588096,0.36810331,6.295266001,6.551080335,7.033506484,7.109062136,7.446585099
201604,2016/1/24,0.716209906,0.454889524,0.95140915,0.747276447,6.551080335,7.033506484,7.109062136,7.446585099,7.327123292
201605,2016/1/31,0.194345362,0.438879258,0.855950774,0.850125931,7.033506484,7.109062136,7.446585099,7.327123292,7.44716836
201606,2016/2/7,0.34872622,0.496227726,0.854071267,0.818668483,7.109062136,7.446585099,7.327123292,7.44716836,7.294377299
201607,2016/2/14,0.212459648,0.491929669,0.812525948,0.921989241,7.446585099,7.327123292,7.44716836,7.294377299,7.430114139
201608,2016/2/21,0.193973287,0.493782937,0.817548623,0.921989241,7.327123292,7.44716836,7.294377299,7.430114139,7.122059882
201609,2016/2/28,0.342729614,0.46676238,0.88878322,0.843250773,7.44716836,7.294377299,7.430114139,7.122059882,7.192934221
201610,2016/3/6,0.672239313,0.461600161,0.953259831,0.547459933,7.294377299,7.430114139,7.122059882,7.192934221,7.01571242
201611,2016/3/13,0.17599497,0.441378784,0.880956971,0.827089184,7.430114139,7.122059882,7.192934221,7.01571242,6.937314081
201612,2016/3/20,0.22722792,0.486112813,0.837213227,0.852705944,7.122059882,7.192934221,7.01571242,6.937314081,6.674561392
201613,2016/3/27,0.061309051,0.497126712,0.810493383,0.8776476,7.192934221,7.01571242,6.937314081,6.674561392,6.785587645
201614,2016/4/3,0.079980475,0.519352817,0.775112075,0.913756434,7.01571242,6.937314081,6.674561392,6.785587645,6.549650742
201615,2016/4/10,0.00302533,0.42621345,0.622849858,0.884346005,6.937314081,6.674561392,6.785587645,6.549650742,6.49677499
201616,2016/4/17,0.004197112,0.406466183,0.645743196,0.813278073,6.674561392,6.785587645,6.549650742,6.49677499,6.190315406
201617,2016/4/24,0.231005998,0.408065924,0.767179682,0.43089617,6.785587645,6.549650742,6.49677499,6.190315406,5.826000107
201618,2016/5/1,0.008279051,0.353709798,0.719568092,0.741073691,6.549650742,6.49677499,6.190315406,5.826000107,5.837730447
201619,2016/5/8,0.058811444,0.396362421,0.645755812,0.651536002,6.49677499,6.190315406,5.826000107,5.837730447,5.634789603
201620,2016/5/15,0.260413925,0.361089042,0.859289132,0.603995864,6.190315406,5.826000107,5.837730447,5.634789603,5.690359454
201621,2016/5/22,0.015650233,0.301438972,0.794434773,0.617916122,5.826000107,5.837730447,5.634789603,5.690359454,5.252273428
201622,2016/5/29,0.017937903,0.340765907,0.631011357,0.628560632,5.837730447,5.634789603,5.690359454,5.252273428,5.068904202
201623,2016/6/5,0.06910179,0.390802872,0.716211352,0.598686208,5.634789603,5.690359454,5.252273428,5.068904202,4.59511985
201624,2016/6/12,0.004353661,0.152423891,0.715865693,0.506112881,5.690359454,5.252273428,5.068904202,4.59511985,4.65396035
201625,2016/6/19,0.012581822,0.233504837,0.594027716,0.502061,5.252273428,5.068904202,4.59511985,4.65396035,4.634728988
201626,2016/6/26,0.000180161,0.134211625,0.648142651,0.484978116,5.068904202,4.59511985,4.65396035,4.634728988,4.8978398
201627,2016/7/3,0.001130303,0.285822385,0.540140916,0.425034516,4.59511985,4.65396035,4.634728988,4.8978398,4.189654742
201628,2016/7/10,0,0.374553737,0.330816918,0.452550295,4.65396035,4.634728988,4.8978398,4.189654742,3.784189634
201629,2016/7/17,0.000116745,0.377318554,0.342552503,0.410013666,4.634728988,4.8978398,4.189654742,3.784189634,3.688879454
201630,2016/7/24,1.84E-05,0.31056053,0.432406954,0.400756462,4.8978398,4.189654742,3.784189634,3.688879454,4.143134726
201631,2016/7/31,8.27E-05,0.283457943,0.447957418,0.371333468,4.189654742,3.784189634,3.688879454,4.143134726,3.583518938
201632,2016/8/7,0.001084034,0.511288792,0.226262012,0.35949957,3.784189634,3.688879454,4.143134726,3.583518938,3.496507561
201633,2016/8/14,0.062973854,0.558499251,0.428029022,0.237479954,3.688879454,4.143134726,3.583518938,3.496507561,3.988984047
201634,2016/8/21,0.065105422,0.44089388,0.454883449,0.315987186,4.143134726,3.583518938,3.496507561,3.988984047,3.401197382
201635,2016/8/28,0.035867355,0.55785256,0.377392302,0.357256326,3.583518938,3.496507561,3.988984047,3.401197382,3.496507561
201636,2016/9/4,0.008385767,0.593244597,0.243749314,0.336497592,3.496507561,3.988984047,3.401197382,3.496507561,3.850147602
201637,2016/9/11,0,0.728171183,0.097720225,0.35382208,3.988984047,3.401197382,3.496507561,3.850147602,3.33220451
201638,2016/9/18,0.188575527,0.677016231,0.41995381,0.26744481,3.401197382,3.496507561,3.850147602,3.33220451,3.737669618
201639,2016/9/25,0.222978321,0.581006228,0.587799256,0.112931888,3.496507561,3.850147602,3.33220451,3.737669618,3.784189634
201640,2016/10/2,0.305467065,0.487414815,0.691318742,0.149706902,3.850147602,3.33220451,3.737669618,3.784189634,3.610917913
201641,2016/10/9,0.076487659,0.592443968,0.535288664,0.412525725,3.33220451,3.737669618,3.784189634,3.610917913,4.007333185
201642,2016/10/16,0.244433417,0.7473215,0.457715451,0.327385137,3.737669618,3.784189634,3.610917913,4.007333185,3.663561646
201643,2016/10/23,0.181415153,0.617923309,0.58059412,0.390047613,3.784189634,3.610917913,4.007333185,3.663561646,4.110873864
201644,2016/10/30,0.425502802,0.424551049,0.818125827,0.397221812,3.610917913,4.007333185,3.663561646,4.110873864,4.007333185
201645,2016/11/6,0.513823606,0.445375387,0.834951791,0.346344282,4.007333185,3.663561646,4.110873864,4.007333185,4.110873864
201646,2016/11/13,0.637232539,0.434721987,0.917551682,0.076442174,3.663561646,4.110873864,4.007333185,4.110873864,4.219507705
201647,2016/11/20,0.502550844,0.433309126,0.927925274,0.469709229,4.110873864,4.007333185,4.110873864,4.219507705,4.219507705
201648,2016/11/27,0.549371889,0.493250559,0.876831629,0.706601889,4.007333185,4.110873864,4.219507705,4.219507705,4.204692619
201649,2016/12/4,0.565581675,0.486201315,0.892898659,0.613619109,4.110873864,4.219507705,4.219507705,4.204692619,4.219507705
201650,2016/12/11,0.54719069,0.413438327,0.931069494,0.589756185,4.219507705,4.219507705,4.204692619,4.219507705,4.454347296
201651,2016/12/18,0.192281663,0.388769623,0.821942655,0.915891171,4.219507705,4.204692619,4.219507705,4.454347296,4.663439094
201652,2016/12/25,0.241540768,0.486984916,0.752669786,0.769957298,4.204692619,4.219507705,4.454347296,4.663439094,4.634728988
201701,2017/1/1,0.18460747,0.516348639,0.707104574,0.813134651,4.219507705,4.454347296,4.663439094,4.634728988,4.919980926
201702,2017/1/8,0.23436167,0.509042963,0.738957226,0.867698951,4.454347296,4.663439094,4.634728988,4.919980926,4.820281566
201703,2017/1/15,0.263600935,0.435974109,0.887166772,0.605695097,4.663439094,4.634728988,4.919980926,4.820281566,4.820281566
201704,2017/1/22,0.533402719,0.445898829,0.885976581,0.698136122,4.634728988,4.919980926,4.820281566,4.820281566,4.762173935
201705,2017/1/29,0.318247156,0.453993133,0.83530122,0.711322845,4.919980926,4.820281566,4.820281566,4.762173935,4.584967479
201706,2017/2/5,0.435982236,0.434929286,0.948866664,0.627881645,4.820281566,4.820281566,4.762173935,4.584967479,5.017279837
201707,2017/2/12,0.206814685,0.329246402,0.926240256,0.626987517,4.820281566,4.762173935,4.584967479,5.017279837,5.420534999
201708,2017/2/19,0.212849444,0.400138483,0.861499486,0.90892646,4.762173935,4.584967479,5.017279837,5.420534999,5.365976015
201709,2017/2/26,0.415155185,0.402938833,0.919287875,0.495121351,4.584967479,5.017279837,5.420534999,5.365976015,5.579729826
201710,2017/3/5,0.11733381,0.494091426,0.793290865,0.839752822,5.017279837,5.420534999,5.365976015,5.579729826,5.416100402
201711,2017/3/12,0.258687696,0.40805961,0.845386733,0.940757657,5.420534999,5.365976015,5.579729826,5.416100402,5.347107531
201712,2017/3/19,0.397845434,0.448415541,0.911243772,0.814769779,5.365976015,5.579729826,5.416100402,5.347107531,5.303304908
201713,2017/3/26,0.513907668,0.426681239,0.926112985,0.834364879,5.579729826,5.416100402,5.347107531,5.303304908,5.645446898
201714,2017/4/2,0.230987491,0.393767451,0.915120903,0.809004006,5.416100402,5.347107531,5.303304908,5.645446898,5.446737372
201715,2017/4/9,0.141128702,0.410460512,0.837731378,0.929771021,5.347107531,5.303304908,5.645446898,5.446737372,5.424950017
201716,2017/4/16,0.246352465,0.384464738,0.896432407,0.778486126,5.303304908,5.645446898,5.446737372,5.424950017,5.717027701
201717,2017/4/23,0.330947265,0.407758918,0.935117301,0.782693434,5.645446898,5.446737372,5.424950017,5.717027701,5.713732806
201718,2017/4/30,0.03691065,0.255897469,0.920004605,0.664381359,5.446737372,5.424950017,5.717027701,5.713732806,5.891644212
201719,2017/5/7,0.084910534,0.27591062,0.819552054,0.776616603,5.424950017,5.717027701,5.713732806,5.891644212,5.673323267
201720,2017/5/14,0.274836773,0.370319735,0.885158804,0.617839348,5.717027701,5.713732806,5.891644212,5.673323267,5.472270674
201721,2017/5/21,0.147904119,0.332343444,0.922662926,0.73282575,5.713732806,5.891644212,5.673323267,5.472270674,5.545177444
201722,2017/5/28,0.078254514,0.336001061,0.834420315,0.729285955,5.891644212,5.673323267,5.472270674,5.545177444,5.187385806
201723,2017/6/4,0.012525266,0.331667423,0.795524693,0.708572629,5.673323267,5.472270674,5.545177444,5.187385806,4.795790546
201724,2017/6/11,0.028370762,0.260442348,0.753741286,0.691671982,5.472270674,5.545177444,5.187385806,4.795790546,4.219507705
201725,2017/6/18,0.006034404,0.152000603,0.665890545,0.603198603,5.545177444,5.187385806,4.795790546,4.219507705,4.007333185
201726,2017/6/25,0.001745692,0.111481581,0.654632475,0.58341615,5.187385806,4.795790546,4.219507705,4.007333185,3.663561646
201727,2017/7/2,0.001759796,0,0.642387307,0.529586009,4.795790546,4.219507705,4.007333185,3.663561646,3.988984047
201728,2017/7/9,0.001612083,0.098330368,0.629761715,0.456539845,4.219507705,4.007333185,3.663561646,3.988984047,3.737669618
201729,2017/7/16,0.00023868,0.230110235,0.424379481,0.482353386,4.007333185,3.663561646,3.988984047,3.737669618,3.80666249
201730,2017/7/23,0.000114213,0.236450488,0.391390512,0.437683103,3.663561646,3.988984047,3.737669618,3.80666249,3.931825633
201731,2017/7/30,0,0.332256212,0.29291359,0.406114011,3.988984047,3.737669618,3.80666249,3.931825633,4.043051268
201732,2017/8/6,0.00055004,0.585257775,0.190937932,0.381353977,3.737669618,3.80666249,3.931825633,4.043051268,3.663561646
201733,2017/8/13,0,0.63948361,0.107864506,0.373220499,3.80666249,3.931825633,4.043051268,3.663561646,3.871201011
201734,2017/8/20,0,0.563870265,0.301811602,0.341910919,3.931825633,4.043051268,3.663561646,3.871201011,4.290459441
201735,2017/8/27,0,0.646649517,0.070937474,0.356750515,4.043051268,3.663561646,3.871201011,4.290459441,4.025351691
201736,2017/9/3,0,0.524783276,0.161912222,0.343850411,3.663561646,3.871201011,4.290459441,4.025351691,3.951243719
201737,2017/9/10,0,0.604614891,0.18556126,0.335823643,3.871201011,4.290459441,4.025351691,3.951243719,3.850147602
201738,2017/9/17,0.004183076,0.584044412,0.207892495,0.321626674,4.290459441,4.025351691,3.951243719,3.850147602,4.189654742
201739,2017/9/24,0.072561904,0.631224311,0.297075879,0.122378655,4.025351691,3.951243719,3.850147602,4.189654742,3.850147602
201740,2017/10/1,0.150878607,0.656425101,0.419674611,0.139725905,3.951243719,3.850147602,4.189654742,3.850147602,3.295836866
201741,2017/10/8,0,0.865822839,0.046451863,0.372906077,3.850147602,4.189654742,3.850147602,3.295836866,3.988984047
201742,2017/10/15,0,0.905266204,0.076448334,0.373763498,4.189654742,3.850147602,3.295836866,3.988984047,3.912023005
201743,2017/10/22,0.09471684,0.848126055,0.239467445,0.327265716,3.850147602,3.295836866,3.988984047,3.912023005,3.951243719
201744,2017/10/29,0.749989824,0.567539968,0.708691081,0.272867084,3.295836866,3.988984047,3.912023005,3.951243719,3.80666249
201745,2017/11/5,0.636736912,0.428967058,0.862746851,0.042498359,3.988984047,3.912023005,3.951243719,3.80666249,4.025351691
201746,2017/11/12,0.346722937,0.500501907,0.728565551,0.439115489,3.912023005,3.951243719,3.80666249,4.025351691,4.094344562
201747,2017/11/19,0.612452637,0.484463199,0.830083049,0.463156123,3.951243719,3.80666249,4.025351691,4.094344562,4.060443011
201748,2017/11/26,0.601249293,0.469106468,0.824788393,0.307551241,3.80666249,4.025351691,4.094344562,4.060443011,3.891820298
201749,2017/12/3,0.428713875,0.489639235,0.846547988,0.317809927,4.025351691,4.094344562,4.060443011,3.891820298,3.828641396
201750,2017/12/10,1,0.344766095,0.966533636,0.059193369,4.094344562,4.060443011,3.891820298,3.828641396,4.234106505
201751,2017/12/17,0.312527432,0.464246012,0.808275745,0.711816734,4.060443011,3.891820298,3.828641396,4.234106505,4.477336814
201752,2017/12/24,0.368570619,0.595806923,0.733201352,0.771976731,3.891820298,3.828641396,4.234106505,4.477336814,4.465908119
201801,2017/12/31,0.520239641,0.476645868,0.851975955,0.660447194,3.828641396,4.234106505,4.477336814,4.465908119,4.454347296
201802,2018/1/7,0.301903571,0.440015392,0.803692294,0.825506407,4.234106505,4.477336814,4.465908119,4.454347296,4.532599493
201803,2018/1/14,0.282070771,0.482305557,0.754923957,0.836108161,4.477336814,4.465908119,4.454347296,4.532599493,4.094344562
201804,2018/1/21,0.494563258,0.528215092,0.713045102,0.793485051,4.465908119,4.454347296,4.532599493,4.094344562,4.189654742
201805,2018/1/28,0.42816602,0.478549016,0.875690747,0.579781561,4.454347296,4.532599493,4.094344562,4.189654742,4.465908119
201806,2018/2/4,0.654164551,0.388219274,0.918985405,0.544367379,4.532599493,4.094344562,4.189654742,4.465908119,4.430816799
201807,2018/2/11,0.145437981,0.5066781,0.769241135,1,4.094344562,4.189654742,4.465908119,4.430816799,4.836281907
201808,2018/2/18,0.691141654,0.454086507,0.888434737,0.69740912,4.189654742,4.465908119,4.430816799,4.836281907,4.859812404
201809,2018/2/25,0.395009988,0.530521158,0.796288952,0.69649678,4.465908119,4.430816799,4.836281907,4.859812404,4.553876892
201810,2018/3/4,0.708992495,0.536554262,0.852597029,0.536134345,4.430816799,4.836281907,4.859812404,4.553876892,4.96284463
201811,2018/3/11,0.273000967,0.507271661,0.868435684,0.561891702,4.836281907,4.859812404,4.553876892,4.96284463,4.8978398
201812,2018/3/18,0.478669767,0.488453107,0.842649389,0.705211909,4.859812404,4.553876892,4.96284463,4.8978398,5.003946306
201813,2018/3/25,0.189707238,0.402008733,0.827676129,0.820350093,4.553876892,4.96284463,4.8978398,5.003946306,5.043425117
201814,2018/4/1,0.550630954,0.476424446,0.838855741,0.555723619,4.96284463,4.8978398,5.003946306,5.043425117,4.787491743
201815,2018/4/8,0.492326208,0.318636186,0.897772051,0.563623236,4.8978398,5.003946306,5.043425117,4.787491743,4.736198448
201816,2018/4/15,0.089686672,0.331546596,0.874840218,0.592050456,5.003946306,5.043425117,4.787491743,4.736198448,4.882801923
201817,2018/4/22,0.255649815,0.358716086,0.835209209,0.916893131,5.043425117,4.787491743,4.736198448,4.882801923,4.290459441
201818,2018/4/29,0.063861048,0.366726644,0.738422559,0.945023663,4.787491743,4.736198448,4.882801923,4.290459441,3.784189634
201819,2018/5/6,0.006161251,0.342883327,0.651945495,0.864331507,4.736198448,4.882801923,4.290459441,3.784189634,4.430816799
201820,2018/5/13,0.045564312,0.407756393,0.595209901,0.764968141,4.882801923,4.290459441,3.784189634,4.430816799,4.442651256
201821,2018/5/20,0.09914345,0.276199706,0.7339745,0.659168654,4.290459441,3.784189634,4.430816799,4.442651256,4.234106505
201822,2018/5/27,0.012746088,0.213968818,0.666015381,0.703881012,3.784189634,4.430816799,4.442651256,4.234106505,4.234106505
201823,2018/6/3,0.005732498,0.422389589,0.587825259,0.725622172,4.430816799,4.442651256,4.234106505,4.234106505,4.189654742
201824,2018/6/10,7.21E-05,0.440683451,0.499334062,0.699497019,4.442651256,4.234106505,4.234106505,4.189654742,3.970291914
201825,2018/6/17,0.021213314,0.271014805,0.521398991,0.62785634,4.234106505,4.234106505,4.189654742,3.970291914,3.912023005
201826,2018/6/24,0,0.312318087,0.419350487,0.594506965,4.234106505,4.189654742,3.970291914,3.912023005,3.850147602
201827,2018/7/1,0,0.328633218,0.405605676,0.578320221,4.189654742,3.970291914,3.912023005,3.850147602,3.36729583
201828,2018/7/8,0,0.419562769,0.361021348,0.525706738,3.970291914,3.912023005,3.850147602,3.36729583,3.526360525
201829,2018/7/15,0,0.355695582,0.405713139,0.443153108,3.912023005,3.850147602,3.36729583,3.526360525,3.465735903
201830,2018/7/22,0,0.313591304,0.320915003,0.47309523,3.850147602,3.36729583,3.526360525,3.465735903,3.80666249
201831,2018/7/29,3.28E-05,0.562981579,0.179728638,0.429914173,3.36729583,3.526360525,3.465735903,3.80666249,3.688879454
201832,2018/8/5,0.017205686,0.676176422,0.288087191,0.373839584,3.526360525,3.465735903,3.80666249,3.688879454,3.850147602
201833,2018/8/12,0.073802064,0.540783548,0.257593301,0.240789348,3.465735903,3.80666249,3.688879454,3.850147602,3.951243719
201834,2018/8/19,0.030875695,0.54539041,0.333709818,0.418835865,3.80666249,3.688879454,3.850147602,3.951243719,3.761200116
201835,2018/8/26,0.016313776,0.577337472,0.291280602,0.428490474,3.688879454,3.850147602,3.951243719,3.761200116,4.094344562
201836,2018/9/2,0.00028934,0.64254366,0.171524383,0.430878161,3.850147602,3.951243719,3.761200116,4.094344562,3.871201011
201837,2018/9/9,0.018754645,0.705537176,0.114835572,0.381035134,3.951243719,3.761200116,4.094344562,3.871201011,3.36729583
201838,2018/9/16,0.157275155,0.668264211,0.484921886,0.271371682,3.761200116,4.094344562,3.871201011,3.36729583,4.110873864
201839,2018/9/23,0.000815754,0.89833161,0.137220129,0.460659167,4.094344562,3.871201011,3.36729583,4.110873864,4.394449155
201840,2018/9/30,0.155163442,0.812178939,0.378687111,0.438873475,3.871201011,3.36729583,4.110873864,4.394449155,4.025351691
201841,2018/10/7,0.210157325,0.74273304,0.437617159,0.433851469,3.36729583,4.110873864,4.394449155,4.025351691,4.276666119
201842,2018/10/14,0.451074106,0.66575095,0.639439793,0.325007509,4.110873864,4.394449155,4.025351691,4.276666119,4.025351691
201843,2018/10/21,0.792770196,0.559380325,0.772707343,0.439210101,4.394449155,4.025351691,4.276666119,4.025351691,4.369447852
201844,2018/10/28,0.429742077,0.62445726,0.677523052,0.643107985,4.025351691,4.276666119,4.025351691,4.369447852,4.65396035
201845,2018/11/4,0.754065596,0.430516778,0.876350886,0.080110689,4.276666119,4.025351691,4.369447852,4.65396035,4.65396035
201846,2018/11/11,0.617935506,0.518566884,0.814998676,0.622932262,4.025351691,4.369447852,4.65396035,4.65396035,4.852030264
201847,2018/11/18,0.517826989,0.421294925,0.854970374,0.393956927,4.369447852,4.65396035,4.65396035,4.852030264,4.927253685
201848,2018/11/25,0.364501917,0.409776267,0.858497828,0.153720921,4.65396035,4.65396035,4.852030264,4.927253685,4.955827058
201849,2018/12/2,0.539452057,0.45632314,0.903860812,0.377827035,4.65396035,4.852030264,4.927253685,4.955827058,4.736198448
201850,2018/12/9,0.382175704,0.403546037,0.834309494,0.732413401,4.852030264,4.927253685,4.955827058,4.736198448,5.081404365
201851,2018/12/16,0.02982187,0.619045645,0.579753936,0.887643306,4.927253685,4.955827058,4.736198448,5.081404365,5.192956851
201852,2018/12/23,0.601767948,0.510891467,0.774459403,0.724018456,4.955827058,4.736198448,5.081404365,5.192956851,5.459585514
201901,2018/12/30,0.33259074,0.514125693,0.763671452,0.634220885,4.736198448,5.081404365,5.192956851,5.459585514,5.899897354
201902,2019/1/6,0.263362644,0.497635218,0.728003786,0.730368755,5.081404365,5.192956851,5.459585514,5.899897354,6.184148891
201903,2019/1/13,0.211988093,0.589604163,0.716138107,0.84967209,5.192956851,5.459585514,5.899897354,6.184148891,6.284134161
201904,2019/1/20,0.211582156,0.612124529,0.641773008,0.813010304,5.459585514,5.899897354,6.184148891,6.284134161,6.580639137
201905,2019/1/27,0.087122607,0.573892227,0.606156669,0.879338574,5.899897354,6.184148891,6.284134161,6.580639137,6.727431725
201906,2019/2/3,0.392801869,0.618533681,0.661708099,0.618841533,6.184148891,6.284134161,6.580639137,6.727431725,6.52649486
201907,2019/2/10,0.44253752,0.554513209,0.77843782,0.631279472,6.284134161,6.580639137,6.727431725,6.52649486,6.956545443
201908,2019/2/17,0.410695891,0.503851776,0.84455653,0.505388885,6.580639137,6.727431725,6.52649486,6.956545443,7.281385664
201909,2019/2/24,0.584232281,0.530199776,0.824414032,0.637225525,6.727431725,6.52649486,6.956545443,7.281385664,7.423568444
201910,2019/3/3,0.539680556,0.460236323,0.862430901,0.588410204,6.52649486,6.956545443,7.281385664,7.423568444,7.501634458
201911,2019/3/10,0.495185169,0.539805043,0.79773122,0.818784096,6.956545443,7.281385664,7.423568444,7.501634458,7.491087594
201912,2019/3/17,0.422724598,0.536501199,0.835612074,0.610086006,7.281385664,7.423568444,7.501634458,7.491087594,7.227662499
201913,2019/3/24,0.429857044,0.402208832,0.941198209,0.65379217,7.423568444,7.501634458,7.491087594,7.227662499,7.706612914
201914,2019/3/31,0.603826156,0.507676184,0.823948842,0.812236645,7.501634458,7.491087594,7.227662499,7.706612914,7.720461695
201915,2019/4/7,0.590803789,0.485676292,0.848605261,0.694053214,7.491087594,7.227662499,7.706612914,7.720461695,7.677400431
201916,2019/4/14,0.406235556,0.521465666,0.835300799,0.639696543,7.227662499,7.706612914,7.720461695,7.677400431,7.864419905
201917,2019/4/21,0.19358072,0.469237108,0.820968511,0.925121347,7.706612914,7.720461695,7.677400431,7.864419905,8.039802344
201918,2019/4/28,0.355734257,0.497378275,0.802405397,0.828465433,7.720461695,7.677400431,7.864419905,8.039802344,8.304247465
201919,2019/5/5,0.11190353,0.475686459,0.806575128,0.962772309,7.677400431,7.864419905,8.039802344,8.304247465,8.205218426
201920,2019/5/12,0.101366789,0.392808709,0.767593153,0.693373339,7.864419905,8.039802344,8.304247465,8.205218426,7.960672608
201921,2019/5/19,0.059539595,0.423547431,0.73287142,0.863577602,8.039802344,8.304247465,8.205218426,7.960672608,7.592366129
201922,2019/5/26,0.005679033,0.48518536,0.634848501,0.79739271,8.304247465,8.205218426,7.960672608,7.592366129,7.263329617
201923,2019/6/2,0.002363048,0.384360824,0.58033287,0.816591371,8.205218426,7.960672608,7.592366129,7.263329617,6.941190055
201924,2019/6/9,0.003966952,0.284925742,0.624696583,0.682794291,7.960672608,7.592366129,7.263329617,6.941190055,6.345636361
201925,2019/6/16,4.94E-05,0.277913872,0.554333278,0.728016866,7.592366129,7.263329617,6.941190055,6.345636361,6.109247583
201926,2019/6/23,0,0.317369882,0.467533197,0.592608454,7.263329617,6.941190055,6.345636361,6.109247583,5.575949103
201927,2019/6/30,0.001230763,0.350394169,0.38340162,0.637546184,6.941190055,6.345636361,6.109247583,5.575949103,5.659482216
201928,2019/7/7,0,0.21142941,0.390710852,0.592143009,6.345636361,6.109247583,5.575949103,5.659482216,5.361292166
201929,2019/7/14,0,0.340784587,0.328175643,0.527999686,6.109247583,5.575949103,5.659482216,5.361292166,5.38907173
201930,2019/7/21,0.000531457,0.241836822,0.515435373,0.459673238,5.575949103,5.659482216,5.361292166,5.38907173,5.141663557
201931,2019/7/28,0,0.459772018,0.306933794,0.470056747,5.659482216,5.361292166,5.38907173,5.141663557,4.934473933
201932,2019/8/4,4.36E-05,0.373179793,0.444676196,0.387292797,5.361292166,5.38907173,5.141663557,4.934473933,5.023880521
201933,2019/8/11,0,0.414641732,0.295987223,0.45153834,5.38907173,5.141663557,4.934473933,5.023880521,4.983606622
201934,2019/8/18,4.10E-05,0.619140841,0.165492666,0.417533736,5.141663557,4.934473933,5.023880521,4.983606622,4.96284463
201935,2019/8/25,0,0.51443249,0.28460862,0.381274292,4.934473933,5.023880521,4.983606622,4.96284463,5.062595033
201936,2019/9/1,6.21E-05,0.681341265,0.128625614,0.397771781,5.023880521,4.983606622,4.96284463,5.062595033,5.308267697
201937,2019/9/8,0,0.735184356,0.126576448,0.414428188,4.983606622,4.96284463,5.062595033,5.308267697,5.283203729
201938,2019/9/15,0,0.786395984,0.028841899,0.388927882,4.96284463,5.062595033,5.308267697,5.283203729,5.220355825
201939,2019/9/22,0.01222725,0.695654111,0.320251688,0.301979893,5.062595033,5.308267697,5.283203729,5.220355825,5.272999559
201940,2019/9/29,0.013310826,0.813548812,0.239124727,0.376232924,5.308267697,5.283203729,5.220355825,5.272999559,5.214935758
201941,2019/10/6,0.083376619,0.690904685,0.443137395,0.276784262,5.283203729,5.220355825,5.272999559,5.214935758,5.323009979
201942,2019/10/13,0.000128648,0.850928311,0.077262465,0.480061125,5.220355825,5.272999559,5.214935758,5.323009979,5.036952602
201943,2019/10/20,0.288577246,0.630848109,0.572347462,0.278971809,5.272999559,5.214935758,5.323009979,5.036952602,5.327876169
201944,2019/10/27,0.121896273,0.64693969,0.509424546,0.48798439,5.214935758,5.323009979,5.036952602,5.327876169,5.159055299
201945,2019/11/3,0.224988258,0.643272555,0.629463982,0.356407466,5.323009979,5.036952602,5.327876169,5.159055299,5.141663557
201946,2019/11/10,0.042673068,0.748571865,0.445317382,0.589104948,5.036952602,5.327876169,5.159055299,5.141663557,5.267858159
201947,2019/11/17,0.448154687,0.482641124,0.783871738,0.370387779,5.327876169,5.159055299,5.141663557,5.267858159,5.501258211
201948,2019/11/24,0.456086236,0.524156006,0.816967276,0.419018088,5.159055299,5.141663557,5.267858159,5.501258211,5.153291594
201949,2019/12/1,0.346023731,0.511000353,0.822068409,0.467475203,5.141663557,5.267858159,5.501258211,5.153291594,5.402677382
201950,2019/12/8,0.423980296,0.534971036,0.789502201,0.647857959,5.267858159,5.501258211,5.153291594,5.402677382,5.916202063
201951,2019/12/15,0.239426418,0.492941767,0.760289892,0.678921272,5.501258211,5.153291594,5.402677382,5.916202063,6.338594078
201952,2019/12/22,0.310958025,0.51732639,0.798501301,0.76285191,5.153291594,5.402677382,5.916202063,6.338594078,6.719013154
202001,2019/12/29,0.429449675,0.470038935,0.868842133,0.704653859,5.402677382,5.916202063,6.338594078,6.719013154,6.886531643
202002,2020/1/5,0.159937757,0.477351885,0.875951533,0.673117109,5.916202063,6.338594078,6.719013154,6.886531643,6.96979067
202003,2020/1/12,0.16359749,0.589615261,0.712449454,0.959516849,6.338594078,6.719013154,6.886531643,6.96979067,7.25488481
202004,2020/1/19,0.287383202,0.433328634,0.906690985,0.361874017,6.719013154,6.886531643,6.96979067,7.25488481,7.570443252
202005,2020/1/26,0.110740312,0.464762701,0.870286463,0.891775139,6.886531643,6.96979067,7.25488481,7.570443252,7.74586823
202006,2020/2/2,0.305551222,0.42957183,0.872831782,0.537838998,6.96979067,7.25488481,7.570443252,7.74586823,7.947325027
202007,2020/2/9,0.390043926,0.440638674,0.867996614,0.778431626,7.25488481,7.570443252,7.74586823,7.947325027,8.059592329
202008,2020/2/16,0.114396731,0.503868573,0.839780173,0.906086134,7.570443252,7.74586823,7.947325027,8.059592329,7.924795914
202009,2020/2/23,0.390892899,0.523926803,0.852322563,0.612091586,7.74586823,7.947325027,8.059592329,7.924795914,7.643482907
202010,2020/3/1,0.294934484,0.438333021,0.916411191,0.528279303,7.947325027,8.059592329,7.924795914,7.643482907,7.884199934
202011,2020/3/8,0.135113489,0.433899759,0.899293695,0.792261851,8.059592329,7.924795914,7.643482907,7.884199934,8.046869511
202012,2020/3/15,0.17151478,0.480695183,0.831535643,0.763993212,7.924795914,7.643482907,7.884199934,8.046869511,8.194781638
202013,2020/3/22,0.32191502,0.353916626,0.95526259,0.439430011,7.643482907,7.884199934,8.046869511,8.194781638,8.085486772
202014,2020/3/29,0.017467282,0.484900481,0.838185748,0.929566694,7.884199934,8.046869511,8.194781638,8.085486772,8.182000136
202015,2020/4/5,0.307617092,0.549070822,0.812364138,0.895875687,8.046869511,8.194781638,8.085486772,8.182000136,8.19450551
202016,2020/4/12,0.242850839,0.399147028,0.894677672,0.402208843,8.194781638,8.085486772,8.182000136,8.19450551,7.980365765
202017,2020/4/19,0.089305581,0.343987733,0.929151319,0.612127332,8.085486772,8.182000136,8.19450551,7.980365765,7.788211558
202018,2020/4/26,0,0.272310208,0.795061121,0.933487037,8.182000136,8.19450551,7.980365765,7.788211558,7.74109909
202019,2020/5/3,0.026252056,0.325810281,0.737834037,0.703859409,8.19450551,7.980365765,7.788211558,7.74109909,7.642044403
202020,2020/5/10,0,0.302973491,0.773080012,0.740447457,7.980365765,7.788211558,7.74109909,7.642044403,7.514254653
202021,2020/5/17,0.006964936,0.300099302,0.859674568,0.697373502,7.788211558,7.74109909,7.642044403,7.514254653,7.372746366
202022,2020/5/24,0.04579838,0.186289922,0.734206756,0.758556007,7.74109909,7.642044403,7.514254653,7.372746366,6.754604099
202023,2020/5/31,1.24E-05,0.301471348,0.684947755,0.811596422,7.642044403,7.514254653,7.372746366,6.754604099,6.826545224
202024,2020/6/7,0.000232166,0.380286944,0.555556099,0.768063036,7.514254653,7.372746366,6.754604099,6.826545224,6.572282543
202025,2020/6/14,8.33E-05,0.2111582,0.660704152,0.510866241,7.372746366,6.754604099,6.826545224,6.572282543,6.386879319
202026,2020/6/21,0.001468635,0.291341001,0.509595738,0.668506941,6.754604099,6.826545224,6.572282543,6.386879319,6.137727054
202027,2020/6/28,0,0.340547807,0.505654679,0.588225056,6.826545224,6.572282543,6.386879319,6.137727054,6.455198563
202028,2020/7/5,0,0.334665001,0.403602937,0.611181678,6.572282543,6.386879319,6.137727054,6.455198563,5.774551546
202029,2020/7/12,0,0.312081631,0.302289697,0.560799278,6.386879319,6.137727054,6.455198563,5.774551546,5.902633333
202030,2020/7/19,0,0.247335087,0.431127665,0.539102736,6.137727054,6.455198563,5.774551546,5.902633333,5.843544417
202031,2020/7/26,0,0.329021149,0.412566951,0.50341835,6.455198563,5.774551546,5.902633333,5.843544417,5.693732139
202032,2020/8/2,0,0.16761722,0.450483691,0.447464487,5.774551546,5.902633333,5.843544417,5.693732139,5.777652323
202033,2020/8/9,0,0.41665981,0.336799272,0.441494203,5.902633333,5.843544417,5.693732139,5.777652323,5.80814249
202034,2020/8/16,0,0.633898278,0.262114132,0.404778856,5.843544417,5.693732139,5.777652323,5.80814249,5.777652323
202035,2020/8/23,0,0.395038099,0.26257063,0.429552257,5.693732139,5.777652323,5.80814249,5.777652323,5.934894196
202036,2020/8/30,2.78E-05,0.522882705,0.183391202,0.41548905,5.777652323,5.80814249,5.777652323,5.934894196,5.693732139
202037,2020/9/6,0,0.620439932,0.110600648,0.426090361,5.80814249,5.777652323,5.934894196,5.693732139,5.793013608
202038,2020/9/13,0,0.675150586,0.144783085,0.404406569,5.777652323,5.934894196,5.693732139,5.793013608,5.66296048
202039,2020/9/20,0.065193853,0.671465034,0.334402143,0.3553544,5.934894196,5.693732139,5.793013608,5.66296048,5.583496309
202040,2020/9/27,0,0.907557345,0,0.468268075,5.693732139,5.793013608,5.66296048,5.583496309,5.583496309
202041,2020/10/4,0.054975886,1,0.009550353,0.467554417,5.793013608,5.66296048,5.583496309,5.583496309,5.407171771
202042,2020/10/11,0.167422059,0.71814469,0.51220015,0.37214354,5.66296048,5.583496309,5.583496309,5.407171771,5.736572297
202043,2020/10/18,0.211720338,0.430003877,0.811672273,0.199909358,5.583496309,5.583496309,5.407171771,5.736572297,5.583496309
202044,2020/10/25,0.200082547,0.496537904,0.790669693,0.197242309,5.583496309,5.407171771,5.736572297,5.583496309,5.743003188
202045,2020/11/1,0.17502963,0.47763017,0.745504088,0.502972846,5.407171771,5.736572297,5.583496309,5.743003188,5.934894196
202046,2020/11/8,0.152363541,0.533017074,0.730080996,0.456432861,5.736572297,5.583496309,5.743003188,5.934894196,5.934894196
202047,2020/11/15,0.253740022,0.48275419,0.823010411,0.173072637,5.583496309,5.743003188,5.934894196,5.934894196,6.126869184
202048,2020/11/22,0.006476014,0.381918508,0.841693412,0.705085785,5.743003188,5.934894196,5.934894196,6.126869184,5.739792912
202049,2020/11/29,0.088434211,0.565156546,0.609401883,0.81377554,5.934894196,5.934894196,6.126869184,5.739792912,5.837730447
202050,2020/12/6,0.497941874,0.460502904,0.814346879,0.744306087,5.934894196,6.126869184,5.739792912,5.837730447,0
202051,2020/12/13,0.006505492,0.589804557,0.600914149,0.985508052,6.126869184,5.739792912,5.837730447,0,0
202052,2020/12/20,0.29001195,0.429151861,0.870557047,0.461782837,5.739792912,5.837730447,0,0,0
202053,2020/12/27,0.084084639,0.51546693,0.773405228,0.851101387,5.837730447,0,0,0,0